-- The latest data on 12/10/2022

INSERT INTO `page_titles` (`title_id`, `title_name`, `title_description`, `title_size`, `created_at`, `updated_at`) VALUES
(1, 'SAKE BY THE GLASS', 'Region / Rice / SMV', '6 oz tokkuri', NULL, NULL),
(2, 'SAKE BOTTLES', 'Region / Rice / SMV', '720 ML', NULL, NULL),
(3, 'WINE BY THE GLASS', '', '5 oz pour', NULL, NULL),
(4, 'WINE BOTTLES', '', '750 ML ', NULL, NULL),
(5, 'JAPANESE WHISKY', '', '1.5 oz', NULL, NULL),
(6, 'SHOCHU', '', '2 oz', NULL, NULL),
(7, 'SPIRITS', '', '1.5 oz', NULL, NULL),
(8, 'SPECIALTY COCKTAILS', '', '', NULL, NULL),
(9, 'BEER', '', '', NULL, NULL),
(10, 'NON ALCOHOLIC', '', '', NULL, NULL),
(11, 'DRINK SPECIALS', 'Limited Availability', '', NULL, NULL),
(12, 'HAPPY HOUR', '', '', NULL, NULL);

INSERT INTO `categories` (`category_id`, `category`, `category_description`, `page_number`, `created_at`, `updated_at`, `title_id`, `order`, `styling`) VALUES
(1, 'HOUSE HOT SAKE', '', 1, NULL, NULL, 1, 0, NULL),
(2, 'JUNMAI / HONJOZO', 'Food friendly, solid, savory--cold, warm or hot', 1, NULL, '2019-02-23 19:57:41', 1, 1, NULL),
(3, 'GINJO / JUNMAI GINJO', 'Aromatic, smooth, balanced; excellent with sushi and light ippins', 1, NULL, '2019-02-23 19:57:29', 1, 2, NULL),
(4, 'DAIGINJO / JUNMAI DAIGINJO', 'High-toned, feather-light, seductive; perfect paired with sashimi and nigiri', 1, NULL, '2019-02-23 19:57:54', 1, 3, NULL),
(7, 'SMALL', '', 2, NULL, NULL, 2, 0, NULL),
(13, 'SPARKLING', NULL, 6, NULL, '2019-10-25 00:06:19', 3, 3, NULL),
(15, 'ROSÉ', NULL, 6, NULL, '2019-10-25 00:06:06', 3, 0, NULL),
(16, 'RED', NULL, 6, NULL, '2019-10-25 00:06:10', 3, 1, NULL),
(17, 'SPARKLING', NULL, 6, NULL, '2019-12-05 03:26:02', 4, 1, NULL),
(18, 'WHITE', NULL, 7, NULL, '2019-11-01 04:41:13', 4, 0, NULL),
(19, 'ROSÉ', NULL, 7, NULL, '2019-10-25 00:06:55', 4, 2, NULL),
(20, 'RED', NULL, 7, NULL, '2019-10-25 00:07:02', 4, 3, NULL),
(23, 'SHOCHU', NULL, 4, NULL, '2020-01-21 03:22:29', 6, 0, NULL),
(24, 'SHOCHU FLIGHT', '1 oz each', 4, NULL, '2020-01-21 03:22:36', 6, 0, NULL),
(25, 'WHISKEY', NULL, 8, NULL, '2019-10-25 00:04:56', 7, 0, NULL),
(26, 'TEQUILA', NULL, 8, NULL, '2019-10-25 00:05:01', 7, 0, NULL),
(27, 'VODKA', NULL, 8, NULL, '2019-10-25 00:05:15', 7, 0, NULL),
(28, 'GIN', NULL, 8, NULL, '2019-10-25 00:05:10', 7, 0, NULL),
(29, 'SPECIALTY COCKTAILS', '', 0, NULL, NULL, 8, 0, NULL),
(30, 'DRAFT', '', 0, NULL, NULL, 9, 0, NULL),
(31, 'BOTTLES AND CANS', '', 0, NULL, NULL, 9, 0, NULL),
(32, 'WATER / TEA', NULL, 0, NULL, '2022-09-29 09:31:00', 10, 0, NULL),
(33, 'SODA', NULL, 0, NULL, '2022-11-17 05:55:52', 10, 0, NULL),
(47, 'JUNMAI / HONJOZO', 'Food friendly, solid, savory--cold, warm or hot', 3, '2019-02-18 15:46:03', '2019-10-31 02:45:51', 2, 3, NULL),
(48, 'GINJO / JUNMAI GINJO', 'Aromatic, smooth, balanced; excellent with sushi and light ippins', 3, '2019-02-18 15:51:26', '2019-02-18 15:51:26', 2, 4, NULL),
(49, 'DAIGINJO / JUNMAI DAIGINJO', 'Fragrant, light, fruity; pairs well with light dishes', 4, '2019-02-18 16:01:01', '2019-10-25 00:03:56', 2, 5, NULL),
(51, 'NIGORI / CLOUDY', 'Cloudy, textured, rich; pairs with maki, mochi', 2, '2019-02-18 16:13:12', '2019-09-14 11:39:29', 2, 2, NULL),
(53, 'BLENDED / OTHERS', NULL, 5, '2019-02-23 20:27:19', '2019-12-05 03:10:54', 5, 1, NULL),
(54, 'JAPANESE WHISKY FLIGHT', '.75 oz each', 5, '2019-02-23 21:04:05', '2019-10-25 00:04:33', 5, 2, NULL),
(58, 'WINE BOTTLES', NULL, -1, '2019-03-29 16:53:41', '2019-06-12 13:35:22', 11, 4, NULL),
(59, 'SINGLE MALT', NULL, 5, '2019-12-05 03:11:10', '2019-12-05 03:11:10', 5, 0, NULL),
(65, 'SAKE BOTTLES', NULL, -1, '2020-02-19 07:25:19', '2020-02-19 07:27:01', 11, 1, NULL),
(66, 'NIGORI / CLOUDY', 'Cloudy, textured, rich; pairs with maki, mochi', 1, '2020-08-03 07:24:26', '2020-08-03 07:24:26', 1, 4, NULL),
(67, 'NIGORI / CLOUDY', 'Cloudy, textured, rich; pairs with maki, mochi', 1, '2020-08-03 07:26:05', '2020-08-03 07:26:05', 1, 4, NULL),
(68, 'SEASONAL SAKE', NULL, 1, '2020-08-03 07:30:12', '2020-08-03 07:30:12', 1, 5, NULL),
(78, 'FEATURED COCKTAILS', NULL, -1, '2022-09-30 10:47:30', '2022-09-30 11:03:21', 11, 0, NULL),
(82, 'SAKE BOTTLES', NULL, -1, '2022-09-30 10:56:55', '2022-09-30 10:59:28', 11, 3, NULL),
(83, 'SEASONAL FALL COCKTAILS', NULL, -1, '2022-09-30 11:02:01', '2022-09-30 11:02:53', 11, 1, NULL),
(85, 'FALL SAKE FLIGHT', NULL, 0, '2022-09-30 11:06:35', '2022-09-30 11:06:35', 11, 2, NULL),
(86, 'WHITE', NULL, 6, '2022-11-17 05:28:28', '2022-11-20 09:10:55', 3, 0, NULL),
(92, 'WHISKY FLIGHT', NULL, 0, '2022-11-23 13:00:01', '2022-11-23 13:00:01', 5, 0, NULL);


INSERT INTO `courses` (`course_id`, `title`, `price`, `created_at`, `updated_at`, `is_omakase`, `list_order`) VALUES
(1, 'Two courses', NULL, NULL, '2018-03-27 21:38:03', '', 1),
(2, 'Three courses', 39, '2018-03-24 14:27:21', '2018-03-27 21:50:43', '', 2),
(4, 'Six courses', 90, '2018-03-24 14:47:06', '2018-03-27 20:58:34', '', 4),
(36, 'Five courses', 55, '2018-04-05 17:36:27', '2018-04-17 15:03:17', '', 3),
(39, 'Omakase', NULL, '2018-04-17 14:36:45', '2018-05-09 14:39:37', 'Y', 5);


INSERT INTO `c_add_on_items` (`c_add_on_id`, `description`, `price`, `course_id`, `created_at`, `updated_at`) VALUES
(1, 'Served with miso soup', NULL, 1, NULL, '2018-03-27 21:21:39'),
(2, 'Substitute with all sustainable fish/ +3', NULL, 1, NULL, NULL),
(3, 'Add sashimi course', 15, 2, '2018-03-24 14:32:58', '2018-04-07 11:52:38'),
(4, 'Add sake pairing', 23, 2, '2018-03-24 14:35:31', '2018-04-07 11:52:38'),
(14, 'Add sashimi course', 15, 36, NULL, NULL),
(15, 'Add sake pairing', 34, 36, NULL, NULL),
(16, 'Add sashimi course', 15, 4, NULL, NULL),
(17, 'Add sake pairing', 40, 4, NULL, NULL),
(20, 'Featuring lcal and seasonal ingredients in an authentic yet creative Japanese prepatation.', NULL, 39, NULL, NULL);


INSERT INTO `c_items` (`c_item_id`, `name`, `price`, `description`, `choice`, `course_id`, `created_at`, `updated_at`) VALUES
(1, 'Bara Chirashi*', 25, 'sushi rice layered with nori, shrimp oboro, tamago, ginger and topped with a mix of tuna, salmon, yellowtail and ikura', 'N', 1, NULL, NULL),
(2, 'Sushi Combo*', 28, 'seven pieces of nigiri sushi and a roll', 'N', 1, NULL, NULL),
(3, 'Sashimi Combo*', 30, 'variety of sashimi chosen by the chef served with rice', 'N', 1, NULL, NULL),
(4, 'Washington albacore tuna and mustard green*,', NULL, NULL, 'Y', 2, '2018-03-24 15:02:22', '2018-04-07 11:52:38'),
(5, 'Shigoku oysters on the half shell*, or', NULL, NULL, 'N', 2, '2018-03-24 15:11:37', '2018-04-07 11:52:38'),
(6, 'String bean salad', NULL, NULL, 'N', 2, '2018-03-24 15:13:56', '2018-04-07 11:52:38'),
(7, 'Bara chirashi*, or', NULL, NULL, 'Y', 2, '2018-03-24 15:15:07', '2018-04-07 11:52:38'),
(8, 'Sushi combination*', NULL, NULL, 'N', 2, '2018-03-24 15:15:51', '2018-04-07 11:52:38'),
(9, 'Chestnut and butter scotch creme brulee, or', NULL, NULL, 'Y', 2, '2018-03-24 15:16:47', '2018-04-07 11:52:38'),
(11, 'Yuzu and yogurt panna cotta', NULL, NULL, 'N', 2, '2018-03-24 15:17:55', '2018-04-07 11:52:38'),
(15, 'Washington albacore tuna and mustard green*,', NULL, NULL, 'Y', 36, NULL, NULL),
(16, 'Shigoku oysters on the half shell*, or', NULL, NULL, 'N', 36, NULL, NULL),
(17, 'String bean salad', NULL, NULL, 'N', 36, NULL, NULL),
(18, 'Chawanmushi', NULL, NULL, 'N', 36, NULL, NULL),
(19, 'Special roll*', NULL, NULL, 'N', 36, NULL, NULL),
(20, 'Chefs selection of 7 pieces of Sushi', NULL, NULL, 'N', 36, NULL, NULL),
(21, 'Chestnut and butter scotch creme brulee, or', NULL, NULL, 'Y', 36, NULL, NULL),
(23, 'Yuzu and yogurt panna cotta', NULL, NULL, 'N', 36, NULL, NULL),
(24, 'Washington albacore tuna and mustard green*,', NULL, NULL, 'Y', 4, NULL, NULL),
(25, 'Shigoku oysters on the half shell*, or', NULL, NULL, 'N', 4, NULL, NULL),
(26, 'String bean salad', NULL, NULL, 'N', 4, NULL, NULL),
(27, 'Chawanmushi', NULL, NULL, 'N', 4, NULL, NULL),
(28, 'Black cod miso yuan yaki', NULL, NULL, 'N', 4, NULL, NULL),
(29, 'Chefs selection of 5 pieces of Sushi*', NULL, NULL, 'N', 4, NULL, NULL),
(30, 'Chefs selection of 5 pieces of Sushi*', NULL, NULL, 'N', 4, NULL, NULL),
(31, 'Chestnut and butter scotch creme brulee, or', NULL, NULL, 'Y', 4, NULL, NULL),
(33, 'Yuzu and yogurt panna cotta', NULL, NULL, 'N', 4, NULL, NULL),
(37, 'Sashimi Omakase', NULL, NULL, 'N', 39, NULL, NULL),
(38, 'Sushi Omakase', NULL, NULL, 'N', 39, NULL, NULL),
(42, 'Seven course Omakase', 110, 'Add sake pairing/ +55', 'N', 39, NULL, NULL);


INSERT INTO `lunches` (`lunch_id`, `title`, `subtitle`, `combo_title`, `combo_desc`, `created_at`, `updated_at`) VALUES
(1, 'Gozen', '', 'All gozen Include:', 'Hijiki, agedashi tofu, string beans, and miso soup /   \r\nSubstitute with chawanmushi for miso +4 /\r\nAdd chefs sashimi selection +10 /\r\nAdd yuzu yogurt panna cotta +3', NULL, '2018-06-26 01:02:14'),
(2, 'Combinations', '', '', 'All combinations are served with miso soup / \r\n                with all sustainable fish +3 \r\n                Substitute with chawanmushi for miso +4', NULL, '2019-04-08 17:19:38'),
(3, 'Noodle', '', '', '', '2018-06-02 15:24:11', '2018-06-08 00:31:40'),
(4, 'Lunch Ippins', NULL, NULL, NULL, '2018-06-02 15:47:54', '2018-06-02 15:47:54');


INSERT INTO `l_items` (`l_item_id`, `name`, `price`, `description`, `is_raw`, `lunch_id`, `created_at`, `updated_at`) VALUES
(1, 'Asa Gozen', 23, 'Wild sockeye salmon shioyaki and organic tamago yaki', 'N', 1, NULL, NULL),
(2, 'Hiru Gozen', 28, 'Braised Snake River Ranch Wagyu beef skirt steak and maitake mushrooms konabe and Chefs sashimi selection of the day', 'Y', 1, NULL, NULL),
(3, 'Nigiri Gozen', 33, 'seven pieces of chefs choice nigiri sushi', 'Y', 1, NULL, NULL),
(4, 'Bara Chirashi', 25, 'Sushi rice layered with nori, shrimp oboro, tamago, ginger and topped with a mix of tuna, salmon, yellowtail, albacore and ikura', 'Y', 2, NULL, NULL),
(5, 'Tempura Udon', 19, 'Udon with two wild gulf prawn tempura with scallion', 'N', 3, NULL, NULL),
(6, 'Mustard greens and Washington albacore tuna dressed with an almond wasabi sauce', 10, NULL, 'Y', 4, NULL, NULL),
(7, 'Organic spring mix, radishes, toasted almonds and Washington Fuji apples tossed in a sweet miso dressing', 15, NULL, 'N', 4, NULL, NULL),
(8, 'Totten Shigoku oysters on the half shell with momiji ponzu', 20, NULL, 'Y', 4, NULL, NULL),
(9, 'Chawan mushi with Jidori eggs, red crab and Neah Bay black cod', 11, NULL, 'N', 4, NULL, NULL),
(10, 'Tempura Udon Combo', 25, 'Tempura udon with 3 pieces of nigiri of maguro, hamachi, and sockeye salmon', 'Y', 3, NULL, NULL),
(15, 'Sushi Combo', 28, '7 pieces of nigiri with a roll', 'Y', 2, NULL, NULL),
(16, 'Deluxe Sushi Combo', 33, '9 pieces of nigiri with a roll', 'Y', 2, NULL, NULL),
(17, 'Sashimi Combo', 30, 'Daily selection of sashimi served with rice', 'Y', 2, NULL, NULL);


INSERT INTO `products` (`product_id`, `name`, `price`, `production_area`, `description`, `description2`, `created_at`, `updated_at`, `category_id`) VALUES
(1, 'Ozeki \"Tanrei\"', '12', 'California', 'Clean, mellow and distinctively dry. Served CHILLED or HOT!', NULL, NULL, '2020-08-03 07:13:23', 1),
(2, 'Otokoyama \"Mans Mountain\"', '18', 'Hokkaido', 'Extra dry, dried fruit and subtle earthiness', NULL, NULL, '2022-09-23 09:57:37', 2),
(7, 'Konteki \"Tears of Dawn\"', '25', 'Fushimi Kyoto', 'Floral, soft, honeydew and lemon zest', NULL, NULL, '2022-09-23 09:58:21', 4),
(14, 'Nanbu Bijin “Southern Beauty”', '40', 'Iwate', 'Pear, berries, velvety with minerals', NULL, NULL, '2019-08-15 10:48:14', 7),
(17, 'Kubota Manju', '85', 'Niigata', 'Fuji apple and tart pear, clean and light finish!', NULL, NULL, '2019-08-17 12:58:05', 7),
(40, 'Gruet Blanc de Blancs', '13', 'Albuquerque, NM', 'Crisp, green apple, tropical fruit, lemon zest; fresh finish', NULL, NULL, '2019-06-23 10:38:47', 13),
(44, 'Maison Saleya', '10', 'Coteaux dAix-en-Provence', 'Tropical fruit aromas with palate of raspberry, currant and dark cherry. Long and rich finish, classic dry Provence Rose!', NULL, NULL, '2021-06-27 05:47:52', 15),
(45, 'Six Prong by Alder Ridge', '13', 'Horse Heaven Hills; Yakima Valley, WA', 'Black cherry, plum with hints of toasted oak and anise', NULL, NULL, '2019-06-16 13:32:26', 16),
(48, 'Taittinger', '200', 'Reims, Champagne, FR', 'Fruity, full-bodied, golden peach', NULL, NULL, '2022-11-17 05:20:54', 17),
(51, 'Louis Jadot Fourchaume', '105', 'Chablis Premier Cru / Burgundy, FR', 'Nose is floral with notes of honeysuckle and lime. Long bone-dry finish!', NULL, NULL, '2022-03-22 07:12:24', 18),
(52, 'Domaine Chanson Grand Cru', '175', 'Chablis Grand Cru / Burgundy, FR', 'White orchard fruit aromas and honey. Well balanced and complex, creamy with tight texture and long finish.', NULL, NULL, '2022-03-22 07:12:41', 18),
(53, 'Chateau Favray Pouilly Fume', '60', 'Loire, France', 'Undertones of peaches and roses with piercing acidity. Light limestone making it the pairing for oysters!', NULL, NULL, '2022-03-22 07:09:12', 18),
(54, 'Maison Saleya', '30', 'Coteaux dAix-en-Provence', 'Tropical fruit aromas with palate of raspberry, currant and dark cherry. Long and rich finish, classic dry Provence Rose!', NULL, NULL, '2021-06-27 06:30:16', 19),
(57, 'Alder Ridge', '70', 'Horse Heaven Hills, WA', 'Dark fruit aromas of blackberry and dried cherry. Black cherry, sage and oaked spice!', NULL, NULL, '2021-06-27 06:34:37', 20),
(60, 'Yohan Lardy Cru Moulin-A-Vent', '60', 'Les Michelons, Beaujolais, France', 'Refreshing red fruits and bright acidity. Minerals and earthy notes as well as tart cranberry!', NULL, NULL, '2022-03-22 06:45:55', 20),
(78, 'Kakushigura', '12', 'Kagoshima', '24% abv  Oak aged; refined, vanilla, rich, pairs with cooked fish', 'Barley', NULL, '2019-02-23 21:12:19', 23),
(79, 'Kawabe', '14', 'Kagoshima', '25% abv  Fruit bouquet, soft texture, mineral, pairs with sushi', 'Rice', NULL, '2019-02-23 21:12:54', 23),
(80, 'Kuro Kirishima', '12', 'Miyazaki', '24% abv  Smokey, lightly sweet, rich, pairs well with cooked dishes', 'Sweet Potato', NULL, '2019-02-23 21:13:26', 23),
(81, 'Satsuma Shiranami', '11', 'Kagoshima', '24% abv  Sweet and round start with a dry spicy finish', 'Sweet Potato', NULL, '2019-02-23 21:15:45', 23),
(82, 'Satoh', '15', 'Kagoshima', '25% abv  Spiced sweetness, green apple and steamed rice; pairs with sushi', 'Sweet Potato, Rice', NULL, '2019-02-28 15:34:09', 23),
(86, 'Templeton \"Aged 6yr\"', '11', 'IOWA', 'Rye Whiskey', NULL, NULL, '2019-06-23 09:17:14', 25),
(88, 'Tito’s Handmade', '10', 'Austin, TX', NULL, 'Corn', NULL, '2019-06-23 09:24:54', 27),
(90, 'Grey Goose', '11', 'France', '', 'Wheat', NULL, NULL, 27),
(91, 'Nikka Coffey', '14', 'Japan', 'Refined with white birch charcoal', 'Corn/Barley', NULL, '2019-09-05 09:51:49', 27),
(93, 'Bombay Sapphire', '10', 'England', '', 'London Dry', NULL, NULL, 28),
(94, 'Hendrick’s', '12', 'Scotland', NULL, NULL, NULL, '2019-02-28 15:36:11', 28),
(97, 'Grey Goose Lychee Martini', '14', '', 'Grey Goose Vodka, Lychee Juice, Fresh Lime Juice', '', NULL, '2020-11-07 13:36:08', 29),
(100, 'Toki Highball', '11', '', 'Made with our very own Toki Highball Machine, one of the few spots to feature this cocktail! Japanese Whisky, Club Soda and Lemon.', '', NULL, '2021-06-28 09:07:24', 29),
(101, 'Sapporo Lager', '7', '', '16 oz', '', NULL, '2020-08-03 08:05:05', 30),
(102, 'Manny’s Pale Ale', '7', '', 'Georgetown Brewery; Seattle, WA 16oz', '', NULL, NULL, 30),
(104, 'Echigo Koshihikari Rice Lager', '11', '', 'Niigata, Japan 11.8oz Can', '', NULL, '2019-05-25 12:44:47', 31),
(105, 'Echigo Premium Red Ale', '11', '', 'Niigata, Japan 11.8oz Can', '', NULL, '2019-05-25 12:46:01', 31),
(106, 'Echigo Flying IPA', '11', '', 'Niigata, Japan 11.8oz Can', '', NULL, '2019-05-25 12:46:16', 31),
(108, 'Perrier Sparkling Mineral Water', '5', '', 'Vergeze, France 330ml Can', '', NULL, '2022-08-12 08:36:36', 32),
(111, 'House made lychee Limeade', '7', '', NULL, '', NULL, '2022-11-17 05:59:39', 33),
(112, 'Calpico & Soda', '4', '', '', '', NULL, NULL, 33),
(113, 'Cock’n Bull Ginger Beer', '6', '', '12oz Bottle', '', NULL, '2021-06-28 09:26:33', 33),
(114, 'Coke/Diet/Sprite', '4', '', 'One Free Refill Available', '', NULL, '2021-06-28 09:20:15', 33),
(201, 'Nomine-Renard', '105', 'Villevenard, Champagne, FR', 'Intense red fruit aromas. Hint of cherry and fresh grapefruit!', NULL, '2019-02-13 15:38:54', '2022-11-17 05:20:45', 17),
(212, 'Otokoyama \"Mans Mountain\"', '68', 'Hokkaido', 'Extra dry, dried fruit and subtle earthiness.', NULL, '2019-02-18 15:46:38', '2022-11-17 04:59:32', 47),
(214, 'Yuri Masamune \"Beautiful Lily\"', '60', 'Akita', 'Mellow and rustic with a nutty sweetness.', NULL, '2019-02-18 15:48:37', '2022-11-17 04:59:18', 47),
(220, 'Shiokawa \"Cowboy\"', '80', 'Niigata', 'Cocoa, smoke, rich umami and smooth finish.', NULL, '2019-02-18 15:57:59', '2022-11-17 05:00:33', 48),
(222, 'Maboroshi “Nakaos Secret\"', '87', 'Hiroshima', 'Light, delicate, crisp, green apple.', NULL, '2019-02-18 15:59:42', '2022-11-17 05:00:46', 48),
(228, 'Dassai 45 \"Otter Festival\"', '100', 'Yamaguchi', 'Soft, citrus, grape and berries', NULL, '2019-02-18 16:07:54', '2020-07-29 08:46:14', 49),
(231, 'Dassai 23 \"Otter Festival\"', '175', 'Yamaguchi', 'Melon, peach and elegant long finish.', NULL, '2019-02-18 16:10:04', '2022-11-17 05:02:20', 49),
(237, 'Rihaku \"Dreamy Clouds\"', '74', 'Shimane', 'Light clouds, dry, lively, green apple, cashew', NULL, '2019-02-18 16:14:40', '2021-07-03 04:39:31', 51),
(241, 'Nikka Negroni', '14', NULL, 'Nikka Coffey Gin, Campari, Punt e Mes', NULL, '2019-02-23 16:39:29', '2021-06-28 09:10:42', 29),
(244, 'Konteki \"Tears of Dawn\"', '100', 'Fushimi Kyoto', 'Floral, soft, honeydew, lemon zest.', NULL, '2019-02-23 20:16:45', '2022-11-17 05:01:20', 49),
(246, 'Yuki No Bosha \"Cabin in the Snow\"', '175', 'Akita', 'Super-layered, elegant and complex! Ripe peach and roasted sage. Since 1991, the most awarded sake brewmaster!!!', NULL, '2019-02-23 20:22:34', '2022-11-17 05:02:31', 49),
(252, 'Ichiros \"Malt and Grain\"', '40', 'Saitama', 'Nutty, woodsy, coffee bean bite', NULL, '2019-02-23 20:38:15', '2022-11-23 12:51:33', 59),
(254, 'Nikka \"Coffey Grain\"', '20', 'Miyagi', 'Sweet spice, fruity and orange peel', 'Corn', '2019-02-23 20:43:17', '2019-09-05 10:45:49', 53),
(261, 'Suntory \"The Yamazaki\" 18yr', '200', 'Osaka', 'Aged in rare Japanese Water Oak! Cinnamon, coconut, silky with spice', 'Mizunara Cask', '2019-02-23 21:03:02', '2019-12-19 05:52:55', 59),
(265, 'Tenshi No Yuwaku', '28', 'Kagoshima', '40% ABV Rich, elegant, creamy, aged 7 years in sherry barrels', 'Sweet Potato, Rice', '2019-02-24 14:15:07', '2019-10-22 16:25:35', 23),
(266, 'Jougo Kokuto', '14', 'Kagoshima', '25% ABV Subtle sweetness, bright citrus, spice', 'Brown Sugar', '2019-02-24 14:22:08', '2019-02-24 16:07:04', 23),
(285, 'Ohishi \"Islay Cask\"', '18', 'Kumamoto', 'Pear, honey and peaty!!! 100% Rice-based finished in Islay Whisky barrels.', 'Rice', '2019-05-25 12:27:48', '2022-03-22 07:36:53', 53),
(297, 'Kirin Ichiban Lager', '12', NULL, '22oz Bottle', NULL, '2019-07-25 13:52:21', '2019-09-19 10:34:01', 31),
(303, 'Cristom \"Mt Jefferson Cuvee\"', '84', 'Willamette Valley, OR', 'Blackberries, spiced oak and hints of pepper', NULL, '2019-08-15 10:12:51', '2021-07-03 04:48:55', 20),
(306, 'Mizubasho \"Water Flower\"', '75', 'Gunma', 'Asain pear and nectarine, elegant and creamy', NULL, '2019-09-14 12:08:05', '2019-09-14 12:08:21', 7),
(312, 'Grey Goose Shiso Mojito', '14', NULL, 'Grey Goose Vodka, Muddled Shiso, Fresh Lime Juice', NULL, '2019-09-23 18:40:07', '2020-11-07 13:36:02', 29),
(313, 'Mars Manhattan', '14', NULL, 'Mars Iwai Whisky, Amaro Lucano, Regans Orange Bitters, House-Bourboned Cherry', NULL, '2019-09-25 14:38:50', '2021-06-28 09:10:35', 29),
(327, 'Kuro Kabuto \"Samurai Armor Helmet\"', '100', 'Fukuoka', 'Clover honey, peach and rich berries!', NULL, '2019-12-05 04:57:14', '2022-11-17 05:01:34', 49),
(338, 'Casamigos', '16', 'Jalisco', NULL, 'Blanco', '2020-01-09 05:14:43', '2020-01-09 05:15:52', 26),
(345, 'Tamanohikari \"Brilliant Jade\"', '100', 'Kyoto', 'Peach, apple and pear with depth from \"Omachi\" rice!', NULL, '2020-07-29 08:58:38', '2022-11-17 05:01:48', 49),
(348, 'Genbei Onikoroshi \"Demon Slayer\"', '14', 'Fushimi, Kyoto', 'Vanilla, caramel and roasted cashews.', NULL, '2020-08-03 07:12:38', '2021-09-25 12:03:37', 2),
(350, 'Watari Bune \"The 55\"', '23', 'Ibaraki', 'Umami with white peach, overall lively and bright.', NULL, '2020-08-03 07:19:23', '2022-09-23 09:58:14', 3),
(351, 'Dassai 45 \"Otter Festival\"', '25', 'Yamaguchi', 'Soft, citrus, grapes and berries', NULL, '2020-08-03 07:21:08', '2021-06-26 05:35:21', 4),
(352, 'Joto \"The One with the Clocks\"', '25', 'Hiroshima', 'Spiced apple with satin texture!', NULL, '2020-08-03 07:22:49', '2022-09-23 09:58:27', 4),
(355, 'Rihaku \"Dreamy Clouds\"', '24', 'Shimane', 'Light clouds, dry, lively, green apple and cashew', NULL, '2020-08-03 07:26:36', '2020-11-13 08:21:41', 67),
(361, 'Kanbara “Bride of the Fox”', '40', 'Niigata', 'Savory with hints of grilled nuts, pistachio and white chocolate!', NULL, '2020-08-03 07:35:36', '2021-06-26 05:44:20', 7),
(364, 'Kenbishi “Black Pine”', '80', 'Hyogo', 'Deep, rich with full flavors of cocoa and creme brulee!', NULL, '2020-08-03 07:40:23', '2022-11-17 04:59:58', 47),
(367, 'Joto \"The One with the Clocks\"', '100', 'Hiroshima', 'Spiced apple with satin texture!', NULL, '2020-08-03 07:56:09', '2022-11-17 05:01:59', 49),
(368, 'Takatenjin \"Soul of the Sensei\"', '100', 'Shizuoka', 'Cantaloupe, anise with white pepper and jasmine finish!', NULL, '2020-08-03 07:57:54', '2022-11-17 05:02:11', 49),
(369, 'Sapporo Lager', '5', NULL, '12oz Can', NULL, '2020-08-03 08:03:40', '2020-08-03 08:06:13', 31),
(404, 'Fever Tree Premium Indian Tonic', '5', NULL, '200ml Bottle', NULL, '2021-06-28 09:18:55', '2021-06-28 09:18:55', 33),
(405, 'House Club Soda', '4', NULL, 'One Free Refill Available', NULL, '2021-07-03 04:27:30', '2021-07-03 04:27:47', 33),
(406, 'Kurayoshi 18yr', '56', 'Tottori', 'Honey, smoke, spices and vanilla', 'Pure Malt', '2021-07-03 04:52:57', '2022-03-22 07:35:17', 53),
(411, 'Yuki No Bosha \"Cabin in the Snow\"', '88', 'Akita', 'Strawberry and mango with a white pepper finish.', NULL, '2021-08-11 05:20:31', '2022-11-17 05:00:58', 48),
(412, 'Juve & Camps Brut Rose', '12', 'Cava, Spain', 'Intense bright red fruits. Aged 15 months in bottle using 100% Pinot Noir grapes.', NULL, '2021-08-11 05:35:23', '2021-08-11 05:35:36', 13),
(414, 'Yohan Lardy Cru Moulin-A-Vent', '60', 'Les Michelons, Beaujolais, France', 'Gamay 2019', 'Refreshing red fruits and bright acidity. Minerals and earthy notes as well as tart cranberry.', '2021-08-11 06:07:35', '2022-09-30 11:00:23', 58),
(419, 'Yoshinogawa \"Winter Warrior\"', '72', 'Niigata', 'Melon, lychee and slightly floral.', NULL, '2021-09-25 11:10:17', '2022-11-17 05:00:09', 48),
(420, 'Shiokawa \"Cowboy\"', '22', 'Niigata', 'Cocoa, smoke, rich umami with smooth finish.', NULL, '2021-09-25 11:54:14', '2022-09-23 09:57:54', 3),
(426, 'LEcole No 41 Perigee', '100', 'Walla Walla Valley, WA', 'Estate Grown 2018', 'Aromas of spiced blackberry and boysenberry, smoke and spice. Velvety on the palate with complex silky finish! 50% Cabernet Sauvignon, 16% Cabernet Franc, 9% Petit Verdot, 9% Malbec', '2021-11-13 13:35:41', '2022-09-30 10:51:12', 58),
(434, 'Yuki No Bosha \"Cabin in the Snow\"', '22', 'Akita', 'Strawberry and mango with white pepper finish.', NULL, '2022-01-20 10:41:31', '2022-09-23 09:58:06', 3),
(435, 'Kasumi Tsuru \"The Crane of Kasumi\"', '18', 'Hyogo', 'Roasted nuts, shiitake mushrooms and dried fruits.', NULL, '2022-01-20 10:46:19', '2022-09-23 09:57:42', 2),
(436, 'Kasumi Tsuru \"The Crane of Kasumi\"', '68', 'Hyogo', 'Roasted nuts, shiitake mushrooms and dried fruits.', NULL, '2022-01-20 10:55:00', '2022-11-17 04:59:47', 47),
(437, 'Watari Bune \"The 55\"', '89', 'Ibaraki', 'Umami with white peach, overall lively and bright!', NULL, '2022-01-20 11:00:17', '2022-11-17 05:01:09', 48),
(438, 'Chikurin \"Lightness\"', '78', 'Okayama', 'BUTTER MOCHI finishing with delicate cherry notes!', NULL, '2022-01-28 08:51:42', '2022-11-17 05:00:18', 48),
(441, 'Bodegas La Cana Navia', '65', 'Rias Baixas, Spain', 'Beautiful notes of lime zest and jasmine, bone-dry and very aromatic!', NULL, '2022-03-22 07:14:14', '2022-03-22 07:14:24', 18),
(442, 'Kurayoshi \"The San-In\"', '15', 'Tottori', 'Melon, pear and slight hint of vanilla', NULL, '2022-03-22 07:26:09', '2022-03-22 07:35:08', 53),
(444, 'Dewars Japanese Smooth', '10', 'Aberfeldy, Scotland', '8-year-old Blended Scotch Whisky finished in Japanese Mizunara Oak Casks.', NULL, '2022-03-22 07:50:27', '2022-03-22 08:23:17', 25),
(445, 'Anne Amie', '52', 'Willamette Valley, OR', 'Asian pear, white peach, fennel flowers', NULL, '2022-06-04 05:35:55', '2022-06-04 05:36:09', 18),
(446, 'Kamoizumi \"Summer Snow\"', '24', 'Hiroshima', 'Creamy melon and cotton candy with balanced acidity', NULL, '2022-06-04 05:41:02', '2022-06-04 05:41:14', 67),
(447, 'Yuki No Bosha \"Old Cabin\"', '82', 'Akita', 'Roasted chestnuts, brown butter, and honey', NULL, '2022-06-04 05:48:06', '2022-06-04 05:48:33', 47),
(448, '', NULL, '', '', '', '2022-06-04 05:49:32', '2022-06-04 05:49:32', 23),
(449, 'Iichiko \"Silhouette\"', '12', 'Oita, Japan', 'Outstanding aroma combined with excellent body', 'Barley', '2022-06-04 05:52:45', '2022-06-04 05:53:01', 23),
(450, 'Tenjaku \"Phoenix\"', '25', 'Fuefuki', 'Masterful blend of 5yr & 6yr whiskies aged in bourbon barrels', 'Pure Malt', '2022-06-04 05:58:17', '2022-06-04 06:02:28', 53),
(453, 'Bainbridge Yama', '100', 'Bainbridge Island, WA', 'Nutmeg and clove, pear and toasty wood notes', 'Single Grain Barley', '2022-06-04 06:19:20', '2022-06-04 06:19:32', 53),
(454, 'Shibui \"Pure Malt\"', '18', 'Niigata', 'Walnut, coffee and chocolate', 'Pure Malt', '2022-06-05 06:21:38', '2022-06-05 06:29:33', 53),
(455, 'Shibui \"Bourbon Cask\"', '38', 'Okinawa', 'Creme brulee, cracked black pepper and spiced oad', 'Indica Rice', '2022-06-05 06:24:31', '2022-06-05 06:25:21', 53),
(456, 'Shibui \"Pure Malt 10yr\"', '32', 'Niigata', 'Coffee, rich dark chocolate and spiced oak', 'Pure Malt', '2022-06-05 06:29:15', '2022-06-05 06:29:41', 53),
(462, 'Seikyo \"Mirror of Truth\"', '22', 'Hiroshima', 'bright notes of pink grapefruit and fresh lime.', '', '2022-09-23 09:53:54', '2022-09-23 09:53:54', 3),
(463, 'Yuzu Toddy (Seasonal Cocktail)', '16', NULL, 'Yuzu, Honey, Whisky, Hot water', NULL, '2022-09-29 09:28:59', '2022-11-17 08:53:23', 29),
(464, 'Hoji-cha', '5', NULL, 'toasted green tea', NULL, '2022-09-29 09:30:44', '2022-09-29 09:30:44', 32),
(465, 'Sencha Green Tea', '5', NULL, NULL, NULL, '2022-09-29 09:30:45', '2022-09-29 09:31:15', 32),
(466, 'The Cosmopolitan crafted with Effen Vodka', '14', NULL, NULL, NULL, '2022-09-30 10:47:30', '2022-09-30 11:03:58', 78),
(467, 'The Margarita crafted with Hornitos', '14', NULL, NULL, NULL, '2022-09-30 10:49:06', '2022-09-30 10:50:24', 78),
(468, 'The Classic Daiquiri crafted with Cruzan Rum', '14', '', '', '', '2022-09-30 10:50:11', '2022-09-30 10:50:11', 78),
(470, 'Alder Ridge', '65', 'Horse Heaven Hills; Yakima Valley, WA', 'cabernet Sauvignon 2015', 'Dark fruit aromas of dried blackberry, black cherry, sage and oaked spice.', '2022-09-30 10:54:41', '2022-10-19 11:30:53', 58),
(477, 'Old Fashioned', '16', NULL, NULL, NULL, '2022-09-30 11:02:01', '2022-09-30 11:02:42', 83),
(478, 'Yuzu Toddy', '16', '', '', '', '2022-09-30 11:02:22', '2022-09-30 11:02:22', 83),
(479, 'Kasumi Tsuru', '75', 'Hyogo', 'yamahai Junami Ginjo', 'Rich and dry.  Notes of fennel and minerality.  This can be drank at many different temperatures.', '2022-09-30 11:05:46', '2022-10-19 11:31:06', 82),
(481, '3 sake selections of earthy Fall flavors', '28', NULL, NULL, NULL, '2022-09-30 11:06:35', '2022-11-17 05:51:13', 85),
(482, 'Kamoizumi \"Summer Snow\"', '24', 'Hiroshima', 'creamy melon and cotton candy with balanced acidity', '', '2022-10-19 11:20:59', '2022-10-19 11:20:59', 51),
(484, 'Domaine Michel Sarrazin et Fils', '16', 'Cote Chalonnaise, Burgundy, FR', 'Delicate aroma, fruit-driven flavors and silky texture', NULL, '2022-10-20 10:22:21', '2022-10-20 10:23:47', 16),
(485, 'LEcole No. 41', '25', 'Columbia', 'Aroma of Asian pear, lemon, peach ad green apple.  Balanced and bright in the mouth, it features a classic expression of light toast, lemon oil, and underpinned with pronounced minerality.', NULL, '2022-10-20 10:30:45', '2022-10-20 10:31:22', 18),
(489, 'Mt. Beautfiul', '13', 'Canterbury, NZ', 'Lemon zest, chamomile flower an cantaloupe melon.', NULL, '2022-11-17 05:28:28', '2022-11-17 05:29:33', 86),
(490, 'Anne Amie', '13', 'Willamette Valley, OR', 'Asian pear, white peach, fennel flowers.', NULL, '2022-11-17 05:30:16', '2022-11-17 05:32:41', 86),
(492, 'Domaine Ganier et Fils', '16', 'Chabris, Burgundy, FR', 'Minerarily, freshness, vibrant acidity.', NULL, '2022-11-17 05:31:06', '2022-11-20 07:40:54', 86),
(493, 'LEcole No. 41', '14', 'Yakima Valley, WA', 'dry, lively, citrus custard.', NULL, '2022-11-17 05:48:54', '2022-11-17 05:49:09', 86),
(494, 'Premium Cold Brew Green Tea', '10', NULL, 'Uji Matcha with Shizuoka Sencha, Hibiscus Matcha or Yuzu', NULL, '2022-11-17 05:58:20', '2022-11-17 08:56:20', 32),
(495, 'Yuzu Ginger Tea', '6', NULL, '', NULL, '2022-11-17 05:59:01', '2022-11-17 05:59:01', 32),
(499, 'Matsui Mizunara Cask', NULL, '', '', '', '2022-11-23 12:55:07', '2022-11-23 12:55:07', 53),
(500, 'Nikka \"Straight from the Barrel\"', NULL, NULL, NULL, NULL, '2022-11-23 12:55:52', '2022-11-23 12:56:09', 53),
(501, 'Hibiki \"Harmony\"', NULL, '', '', '', '2022-11-23 12:56:31', '2022-11-23 12:56:31', 53),
(507, 'Shibui Flight', 'Edit to add a price', NULL, NULL, NULL, '2022-11-23 13:00:01', '2022-11-23 13:00:21', 92),
(508, 'Nikka Flight', NULL, '', '', '', '2022-11-23 13:00:37', '2022-11-23 13:00:37', 92);


INSERT INTO `rolls` (`roll_id`, `name`, `description`, `price`, `is_sustainable`, `is_raw`, `is_gf`, `category`, `is_special`, `is_on_menu`, `created_at`, `updated_at`) VALUES
(1, 'Black Cod, Avocado & Cucumber', 'Grilled Neah Bay black cod, avocado and cucumber', 12, 'Y', 'N', 'Y', 'SP_R', 'N', 'Y', NULL, NULL),
(2, 'Black Dragon Roll', 'Shrimp tempura, avocado, cucumber topped with grilled black cod, black tobiko, yuzu gosh and tsume sauce', 26, 'N', 'Y', 'N', 'SP_R', 'N', 'Y', NULL, '2019-09-25 13:36:58'),
(3, 'California Roll', 'Crab, avocado, mayo, cucumber, masago', 11, 'N', 'Y', 'N', 'R', 'N', 'Y', NULL, '2019-09-25 13:38:26'),
(4, 'Negihama Roll', 'Yellowtail, green onions, avocado, cucumber', 11, 'N', 'Y', 'Y', 'R', 'N', 'Y', NULL, '2019-09-25 13:39:47'),
(5, 'Avocado Roll', 'Fresh avocado', 4, 'N', 'N', 'Y', 'VG_R', 'N', 'Y', NULL, NULL),
(6, 'Eastlake Vegetable Roll', 'Satsuma yam and kabocha squash tempura, romaine lettuce, cucumber, avocado and ume paste', 9, 'N', 'N', 'N', 'VG_R', 'N', 'Y', NULL, NULL),
(7, 'Oishi Roll', 'Shrimp tempura, avocado, and cucumber topped with seared creamy spicy crab, scallop and masago', 23, 'N', 'Y', 'N', 'SP_R', 'N', 'Y', '2018-03-21 04:05:39', '2019-09-25 13:38:43'),
(8, 'Ebi-Tempura Roll', 'Wild Shrimp tempura, cucumber, avocado, masago', 11, 'N', 'Y', 'N', 'R', 'N', 'Y', '2018-03-21 04:06:31', '2018-03-21 04:06:31'),
(9, 'Golden Dragon Roll', 'Spicy tuna, avocado, cucumber, and jalapeno inside topped with spicy tuna and golden tobiko', 23, 'N', 'Y', 'N', 'SP_R', 'N', 'Y', '2018-05-30 14:58:44', '2018-05-30 14:58:44'),
(10, 'Hamtastic Roll', 'Yellowtail, green onions, cucumber, avocado topped with yellowtail, jalapeno, golden tobiko and ponzu', 26, 'N', 'Y', 'N', 'SP_R', 'N', 'Y', '2018-05-30 14:59:46', '2019-09-25 13:37:17'),
(11, 'Rising Salmon Roll', 'Wild salmon, avocado, cucumber topped with seared salmon, nikiri sauce, jalapeno and golden tobiko', 23, 'N', 'Y', 'N', 'SP_R', 'N', 'Y', '2018-05-30 15:07:40', '2019-09-25 13:37:31'),
(12, 'Gari Saba', 'Japanese mackerel, ginger, shiso leaf', 10, 'Y', 'Y', 'Y', 'R', 'N', 'Y', '2018-05-30 15:41:05', '2019-09-25 13:40:20'),
(13, 'Futomaki', 'kampyo fourd, organic tamago, spinach, shrimp oboro', 9, 'N', 'Y', 'Y', 'R', 'N', 'Y', '2018-05-30 15:42:08', '2018-05-30 15:42:08'),
(14, 'Rosanna Roll', 'Hokkaido sea scallops, crab, masago, avocado, mayo', 10, 'N', 'Y', 'N', 'R', 'N', 'Y', '2018-05-30 15:43:01', '2019-09-25 13:40:51'),
(15, 'Salmon Skin Roll', 'Kaiware, green onion, gobo, broiled wild salmon skin', 9, 'Y', 'N', 'Y', 'R', 'N', 'Y', '2018-05-30 15:43:40', '2019-09-25 13:41:12'),
(16, 'Seattle Roll', 'Wild salmon, avocado, cucumber, masago', 10, 'Y', 'Y', 'N', 'R', 'N', 'Y', '2018-05-30 15:51:09', '2018-05-30 15:51:09'),
(17, 'Spicy Tuna Roll', 'Tuna, spicy chili sauce, cucumber, avocado', 10, 'N', 'Y', 'N', 'R', 'N', 'Y', '2018-05-30 15:51:45', '2019-09-25 13:41:30'),
(18, 'Spider Roll', 'Fried Maryland soft shell blue crab, cucumber, avocado, masago', 14, 'Y', 'Y', 'N', 'R', 'N', 'Y', '2018-05-30 15:52:38', '2019-09-25 13:42:33'),
(19, 'Cucumber and Avocado Roll', 'Fresh avocado and cucumber slices', 5, 'N', 'N', 'Y', 'VG_R', 'N', 'Y', '2018-05-30 15:53:34', '2018-05-30 15:53:34'),
(20, 'Oshinko Maki', 'Pickled daikon radish', 4, 'N', 'N', 'Y', 'VG_R', 'N', 'Y', '2018-05-30 15:54:02', '2018-05-30 15:54:02'),
(21, 'Kappa Maki', 'Cucumber roll', 4, 'N', 'N', 'Y', 'VG_R', 'N', 'Y', '2018-05-30 15:54:26', '2018-05-30 15:54:26'),
(22, 'Super Yummy Roll', 'Spinach, shiitake, kampyo gourd, avocado, pickled plum, shiso leaf', 8, 'N', 'N', 'Y', 'VG_R', 'N', 'Y', '2018-05-30 15:55:28', '2018-05-30 15:55:28'),
(23, 'Ume Shiso Roll', 'Pickled plum, shiso leaf, cucumber', 4, 'N', 'N', 'Y', 'VG_R', 'N', 'Y', '2018-05-30 15:55:57', '2018-05-30 15:55:57'),
(24, NULL, NULL, NULL, 'Y', 'Y', 'N', 'SP_R', 'N', 'Y', '2019-09-25 13:42:19', '2019-09-25 13:42:19');


INSERT INTO `sakes` (`sake_id`, `grade`, `rice`, `sweetness`, `created_at`, `updated_at`, `product_id`) VALUES
(1, 'Futsushu', 'Calrose', '+4', NULL, NULL, 1),
(2, 'Tokubetu Junmai', 'Miyamanishiki', '+10', NULL, '2021-09-25 07:15:40', 2),
(7, 'Junmai Daiginjo', 'Yamadanishiki', '+3', NULL, '2021-09-25 07:12:49', 7),
(14, 'Tokubetsu Junmai', 'Ginotome', '+5', NULL, NULL, 14),
(17, 'Junmai Daiginjo', 'Gohyakumangoku', '+2', NULL, '2019-02-17 15:00:39', 17),
(100, 'Tokubetsu Junmai', 'Miyamanishiki', '+10', '2019-02-18 15:46:38', '2019-08-01 11:42:52', 212),
(102, 'Honjozo', 'Hitomibore', '+2.5', '2019-02-18 15:48:37', '2021-09-25 07:42:19', 214),
(107, 'Yamahai Junmai Ginjo', 'Niigata Shuzo Kotekimai', '+3.5', '2019-02-18 15:57:59', '2019-08-03 12:38:45', 220),
(109, 'Junmai Ginjo', 'Hattan Nishiki', '+3', '2019-02-18 15:59:42', '2019-02-18 15:59:42', 222),
(114, 'Junmai Daiginjo', 'Yamadanishiki', '+3', '2019-02-18 16:07:54', '2019-02-23 20:14:55', 228),
(117, 'Junmai Daiginjo', 'Yamadanishiki', '+2', '2019-02-18 16:10:04', '2019-06-21 15:03:28', 231),
(121, 'Tokubetsu Junmai', 'Gohyakumangoku', '+3', '2019-02-18 16:14:40', '2019-02-18 16:14:40', 237),
(124, 'Daiginjo', 'Yamadanishiki', '+3', '2019-02-23 20:16:45', '2019-06-21 15:08:01', 244),
(126, 'Junmai Daiginjo', 'Yamadanishiki, Akita Komachi', '+1', '2019-02-23 20:22:34', '2019-08-03 11:22:25', 246),
(133, 'Junmai Daiginjo', 'Yamadanishiki', '+3', '2019-09-14 12:08:05', '2019-09-14 12:08:05', 306),
(143, 'Junmai Daiginjo', 'Yamadanishiki', '-2', '2019-12-05 04:57:14', '2019-12-05 04:57:14', 327),
(152, 'Junmai Daiginjo', 'Omachi', '+3.5', '2020-07-29 08:58:38', '2020-07-29 09:01:10', 345),
(154, 'Honjozo', 'Nihonbare', '+5', '2020-08-03 07:12:38', '2020-08-03 07:12:38', 348),
(156, 'Junmai Ginjo', 'Watari Bune', '+3', '2020-08-03 07:19:23', '2022-01-20 10:39:48', 350),
(157, 'Junmai Daiginjo', 'Yamadanishiki', '+3', '2020-08-03 07:21:08', '2020-08-03 07:21:08', 351),
(158, 'Daiginjo', 'Hattan Nishiki', '+5', '2020-08-03 07:22:49', '2020-08-03 07:22:49', 352),
(161, 'Tokubetsu Junmai', 'Gohyakumangoku', '+3', '2020-08-03 07:26:36', '2020-08-03 07:27:37', 355),
(167, 'Junmai Ginjo', 'Gohyakumangoku', '+3', '2020-08-03 07:35:36', '2021-08-11 05:06:18', 361),
(170, 'Yamahai', 'Aiyama, Yamadanishiki', '+1', '2020-08-03 07:40:23', '2020-08-03 07:40:23', 364),
(173, 'Daiginjo', 'Hattan Nishiki', '+5', '2020-08-03 07:56:09', '2021-06-26 06:18:05', 367),
(174, 'Junmai Daiginjo', 'Yamadanishiki', '+5', '2020-08-03 07:57:54', '2020-08-03 07:57:54', 368),
(176, 'Junmai Ginjo', 'Akita Sake Komachi', '+1.5', '2021-08-11 05:20:31', '2021-09-25 07:45:58', 411),
(177, 'Junmai Ginjo', 'Gohyakumangoku', '-1', '2021-09-25 11:10:17', '2021-09-25 11:11:50', 419),
(178, 'Yamahai Junmai Ginjo', 'Niigata Shuzo Kotekimai', '+3.5', '2021-09-25 11:54:14', '2021-09-25 11:54:14', 420),
(186, 'Junmai Ginjo', 'Akita Sake Komachi', '+1.5', '2022-01-20 10:41:31', '2022-01-20 10:43:30', 434),
(187, 'Kimoto', 'Gohyakumangoku', '+7', '2022-01-20 10:46:19', '2022-01-20 10:46:19', 435),
(188, 'Kimoto', 'Gohyakumangoku', '+7', '2022-01-20 10:55:00', '2022-01-20 10:55:00', 436),
(189, 'Junmai Ginjo', 'Watari Bune', '+3', '2022-01-20 11:00:17', '2022-01-20 11:01:38', 437),
(190, 'Junmai Ginjo', 'Home-Grown Yamadanishiki', '+3', '2022-01-28 08:51:42', '2022-01-28 08:51:42', 438),
(191, 'Nigori Ginjo', 'Hiroshima Hattan, Nakate Shinsenbon', '+1', '2022-06-04 05:41:02', '2022-06-04 05:41:02', 446),
(192, 'Yamahai Junmai', 'Akita Sake Komachi', '+1', '2022-06-04 05:48:06', '2022-06-04 05:48:06', 447),
(194, 'Junmai Ginjo', 'Omachi', '+1', '2022-09-23 09:53:54', '2022-09-23 09:53:54', 462),
(195, 'Nigori Ginjo', 'Hiroshima Hattan, Nakate Shinsenbon', '+1', '2022-10-19 11:20:59', '2022-10-19 11:20:59', 482);


INSERT INTO `sbs` (`sb_id`, `eng_name`, `jpn_name`, `origin`, `nigiri_price`, `sashimi_price`, `is_sustainable`, `is_raw`, `is_special`, `is_on_menu`) VALUES
(1, 'Blue Prawns', 'Ebi', 'Mexico', '4.0', '8.0', 'Y', 'N', 'N', 'Y'),
(2, 'Albacore Tuna, belly', '', 'WA', '6.0', '12.0', 'Y', 'Y', 'N', 'N'),
(3, 'Sockeye Salmon Zuke', '', 'Bristol Bay', '5.0', '10.0', 'Y', 'Y', 'Y', 'N'),
(4, 'Sockeye Salmon, belly', '', 'Alaska', '6.0', '12.0', 'Y', 'Y', 'Y', 'N'),
(5, 'King Salmon', '', 'Washington', '6.0', '12.0', 'Y', 'Y', 'Y', 'Y'),
(6, 'King Crab California Roll', '', '', '12.0', NULL, 'Y', 'N', 'Y', 'N'),
(7, 'Sea Urchin', 'Uni', 'Baja California', '6.0', '12.0', 'Y', 'Y', 'Y', 'N'),
(8, 'Striped Bass', 'Suzuki', 'Japan', '5.0', '10.0', 'Y', 'Y', 'Y', 'N'),
(9, 'Amberjack', 'Kanpachi', 'Kona, HI', '5.0', '10.0', 'Y', 'Y', 'Y', 'Y'),
(10, 'Black Cod belly, grilled', '', 'Neah Bay', '6.0', '12.0', 'Y', 'N', 'Y', 'Y'),
(11, 'Halibut, kelp cured', '', 'Neah Bay', '5.0', '10.0', 'Y', 'Y', 'Y', 'N'),
(12, 'Halibut Engawa, Seared', '', 'Neah Bay', '6.0', '12.0', 'Y', 'Y', 'Y', 'N'),
(13, 'Herring', 'Nishin', 'British Colombia', '4.5', '9.0', 'Y', 'Y', 'Y', 'N'),
(14, 'Jidori Egg Omelet', 'Tamago', '', '3.0', '6.0', 'N', 'N', 'N', 'Y'),
(15, 'King Crab', '', 'Alaska', '6.0', '12.0', 'Y', 'N', 'N', 'Y'),
(16, 'Black Rockfish', '', 'Neah Bay', '4.0', '8.0', 'Y', 'N', 'Y', 'N'),
(17, 'Razor Clam', '', 'Washington', '5.0', '10.0', 'Y', 'N', 'Y', 'N'),
(18, 'Mackerel', 'Saba', 'Norway', '4.0', '8.0', 'Y', 'Y', 'Y', 'Y'),
(19, 'Octopus', 'Tako', 'Spain', '4.0', '8.0', 'Y', 'N', 'Y', 'Y'),
(20, 'Geoduck', 'Mirugai', 'Puget Sound', '9.0', '18.0', 'Y', 'Y', 'N', 'Y'),
(21, 'Salmon Roe (Chum)', 'Ikura', 'Washington', '5.0', '10.0', 'Y', 'Y', 'Y', 'Y'),
(22, 'Rock fish', '', 'Neah Bay', '3.0', '6.0', 'Y', 'Y', 'Y', 'N'),
(23, 'Sea Eel', 'Anago', 'Japan', '5.0', '10.0', 'N', 'N', 'N', 'Y'),
(24, 'Sea Scallops', 'Hotate', 'Hokkaido', '5.0', '8.0', 'Y', 'Y', 'Y', 'Y'),
(25, 'Smelt Roe', 'Masago', 'Canada', '3.0', '6.0', 'Y', 'Y', 'Y', 'Y'),
(26, 'Spot Prawn', 'Amaebi', 'Alaska', '5.0', '10.0', 'Y', 'Y', 'Y', 'N'),
(27, 'King Salmon', '', 'Copper River', '12.0', '24.0', 'Y', 'Y', 'Y', 'N'),
(28, 'Squid*', 'Surume Ika', 'Japan', '4.0', '8.0', 'Y', 'N', 'Y', 'N'),
(29, 'Squid Tentacles', 'Ika Geso', 'Japan', '4.0', '8.0', 'Y', 'N', 'N', 'N'),
(30, 'Surf Clam', 'Hokkigai', 'Nova Scotia', '3.5', '7.0', 'Y', 'N', 'Y', 'N'),
(31, 'Tuna', 'Maguro', 'South Pacific', '5.0', '10.0', 'N', 'Y', 'Y', 'Y'),
(32, 'White Prawns', 'Ebi', 'Gulf of Mexico', '3.5', '7.0', 'Y', 'N', 'Y', 'N'),
(33, 'Yellowtail', 'Hamachi', 'Kagoshima, Japan', '5.0', '10.0', 'N', 'Y', 'N', 'Y'),
(34, 'King Salmon, white', '', 'Alaska', '10.0', '20.0', 'Y', 'Y', 'Y', 'N'),
(35, 'King Salmon, marble', '', 'Washington', '6.0', '12.0', 'Y', 'Y', 'Y', 'N'),
(36, 'Albacore Tuna', '', 'Washington', '5.0', '10.0', 'Y', 'Y', 'N', 'Y'),
(37, 'Sea Urchin', 'Uni', 'British Colombia', '7.0', '14.0', 'Y', 'Y', 'Y', 'N'),
(38, 'Chum Salmon', '', 'Yukon, AK', '5.0', '10.0', 'Y', 'Y', 'Y', 'N'),
(39, 'King Salmon, white', '', 'Neah Bay', '6.0', '12.0', 'Y', 'Y', 'Y', 'N'),
(40, 'Halibut', '', 'Neah Bay, WA', '5.0', '10.0', 'Y', 'Y', 'Y', 'N'),
(41, 'Coho Salmon', 'Ginzake', 'Neah Bay', '4.0', '8.0', 'Y', 'Y', 'Y', 'N'),
(42, 'Sea Urchin', 'Uni', 'East Coast', '5.0', '10.0', 'Y', 'Y', 'Y', 'N'),
(43, 'Silver Smelt', '', 'Washington Coast', '5.0', '10.0', 'Y', 'Y', 'Y', 'N'),
(44, 'Sea Urchin', 'Uni', 'Santa Barbara', '7.0', '14.0', 'Y', 'Y', 'Y', 'N'),
(45, 'Spot Prawn (Live)', 'Amaebi', 'Washington', '6.0', '12.0', 'Y', 'Y', 'Y', 'N'),
(46, 'Spanish Mackerel', 'Aji', 'Japan', '6.0', '12.0', 'N', 'Y', 'Y', 'N'),
(47, 'Grunt', 'Isaki', 'Japan', '6.0', '12.0', 'Y', 'Y', 'Y', 'N'),
(48, 'Grouper', 'Hata', '(Florida)', '5.0', '10.0', 'Y', 'Y', 'Y', 'N'),
(49, 'Parrot Fish', 'Ishigaki dai', 'Japan', '5.0', '10.0', 'Y', 'Y', 'Y', 'N'),
(50, 'Salmon Roe (King)', 'Ikura', 'Washington', '6.0', '12.0', 'Y', 'Y', 'Y', 'Y'),
(51, 'Trevally', 'Shimaaji', '', '5.0', '10.0', 'Y', 'Y', 'Y', 'N'),
(52, 'Edo-mae Tamago', '', '', '6.0', '12.0', 'Y', 'N', 'Y', 'N'),
(53, 'Giant Octopus', 'Mizudako', 'Bering Sea', '3.0', '6.0', 'Y', 'N', 'N', 'N'),
(54, 'Fluke/ Hirame', '', 'East Coast', '5.0', '10.0', 'Y', 'Y', 'N', 'N'),
(55, 'Fluke Engawa, seared', '', 'East Coast', '6.0', '12.0', 'Y', 'Y', 'Y', 'N'),
(56, 'Salmon Roe (Coho)', 'Ikura', 'Washington', '6.0', '12.0', 'Y', 'Y', 'Y', 'N'),
(57, 'Sea Urchin', 'Uni', 'Port Angeles', '7.0', NULL, 'Y', 'Y', 'Y', 'N'),
(58, 'Rooftop Eggplant', 'Nasu', '', '3.0', '0.0', 'Y', 'N', 'Y', 'N'),
(59, 'Sea Scallops Seared w/Yuzu Gosho', '', '', '5.5', '11.0', 'Y', 'Y', 'Y', 'Y'),
(60, 'Sockeye Salmon', '', 'Yukon', '6.0', '12.0', 'Y', 'Y', 'Y', 'N'),
(61, 'Cod Milt', 'Shirako', 'Alaska', '4.0', '8.0', 'Y', 'N', 'Y', 'N'),
(62, 'Chutoro', '', 'Ehime, Japan', '7.0', '14.0', 'N', 'Y', 'N', 'N'),
(63, 'King Salmon, spring', '', 'Washington', '8.0', '16.0', 'Y', 'Y', 'Y', 'N'),
(64, 'Yellow Surf Clam', 'Aoyagi', 'Oregon', '5.0', '10.0', 'Y', 'N', 'Y', 'N'),
(65, 'Opakapaka', '', 'Hawaii', '5.0', '10.0', 'Y', 'Y', 'Y', 'N'),
(66, 'Sea Urchin', 'Uni', 'Hokkaido', '13.0', '26.0', 'Y', 'Y', 'Y', 'N'),
(67, 'Porgy', 'Kurodai', '', '4.0', '8.0', 'Y', 'Y', 'Y', 'N'),
(68, 'Herring Roe', 'Kazunoko', 'B.C.', '3.0', '6.0', 'Y', 'Y', 'Y', 'N'),
(69, 'Marinated Tuna', 'Tuna Zuke', 'South Pacific', '5.0', '10.0', 'Y', 'Y', 'Y', 'N'),
(70, 'Cockle', 'Torigai', 'Tillamook, OR', '5.0', '10.0', 'Y', 'Y', 'N', 'N'),
(71, 'Golden Eye Snapper', '', 'Japan', '7.0', '14.0', 'N', 'Y', 'Y', 'N'),
(72, 'Lobster', '', 'Nova Scotia', NULL, '65.0', 'Y', 'N', 'Y', 'N'),
(73, 'Cherry Salmon', 'Sakuramasu', 'Japan', '7.0', '14.0', 'Y', 'Y', 'Y', 'N'),
(74, 'King Salmon, belly', '', 'Washington', '7.0', '14.0', 'Y', 'Y', 'Y', 'N'),
(75, 'Cabezon', '', 'Neah Bay', '5.0', '10.0', 'Y', 'N', 'Y', 'N'),
(76, 'Ocean Perch', '', 'Washington', '3.0', '6.0', 'Y', 'Y', 'Y', 'N'),
(77, 'Seabream', 'Madai', 'Japan', '5.0', '10.0', 'N', 'Y', 'N', 'Y'),
(78, 'Yellowtail, belly', 'Hamachi, belly', '', '6.0', '12.0', 'N', 'Y', 'N', 'Y'),
(79, 'Sea Urchin', 'Uni', 'Miyagi, Japan', '11.0', '22.0', 'N', 'Y', 'Y', 'N'),
(80, 'Negitoro Handroll', '', '', '13.0', NULL, 'N', 'Y', 'N', 'N'),
(81, 'King Salmon belly', '', 'Washington', '8.0', '16.0', 'Y', 'Y', 'Y', 'N'),
(82, 'Bay Shrimp, Creamy', '', 'Oregon', '4.0', '8.0', 'Y', 'Y', 'N', 'N'),
(83, 'Tilefish', 'Amadai', 'New England', '4.0', '8.0', 'Y', 'Y', 'Y', 'N'),
(84, 'Sea Urchin', 'Uni', 'Maine', '8.0', '16.0', 'N', 'Y', 'N', 'N'),
(85, 'King Salmon, belly', '', 'Copper River', '11.0', '22.0', 'Y', 'Y', 'Y', 'N'),
(86, 'Sockeye Salmon', '', 'Johnstone Strait', '5.0', '10.0', 'Y', 'Y', 'Y', 'Y'),
(87, 'Sockeye Salmon, belly', '', 'Johnstone Strait', '6.0', '12.0', 'Y', 'Y', 'Y', 'Y'),
(88, 'King Mackerel', 'Sawara, Seared', 'East Coast', '4.0', '8.0', 'Y', 'Y', 'Y', 'N'),
(89, 'Coho Salmon, belly', '', 'Neah Bay', '6.0', '12.0', 'Y', 'Y', 'Y', 'N'),
(90, 'King Salmon, white, belly', '', 'Washington', '7.0', '14.0', 'Y', 'Y', 'Y', 'N'),
(91, 'King Salmon, Ivory', '', 'Washington', '6.0', '12.0', 'Y', 'Y', 'Y', 'N'),
(92, 'Halibut', '', 'Alaska', '5.0', '10.0', 'Y', 'Y', 'Y', 'N'),
(93, 'Branzino', 'Suzuki', 'Greece', '4.0', '8.0', 'Y', 'Y', 'Y', 'N'),
(94, 'Branzino', 'Suzuki', 'Greece', '4.0', '8.0', 'Y', 'Y', 'N', 'N'),
(95, 'Sea Urchin', 'Uni', 'Peru', '7.0', '14.0', 'Y', 'Y', 'Y', 'N'),
(96, 'Seabass', 'Suzuki', 'Japan', '5.0', '10.0', 'Y', 'Y', 'Y', 'N'),
(97, 'Sea Urchin', 'Uni', 'Mexico', '7.0', '14.0', 'Y', 'Y', 'N', 'N'),
(98, 'Trevally', 'Shimaaji', 'Japan', '6.0', '12.0', 'N', 'Y', 'N', 'N'),
(99, 'Black Seabass', 'Mebaru', 'Neah Bay', '4.0', '8.0', 'Y', 'Y', 'N', 'N'),
(100, 'Striped Bass', 'Suzuki', 'Mexico', '4.0', '8.0', 'Y', 'Y', 'N', 'N'),
(101, 'King Salmon', '', 'Alaska', '6.0', '12.0', 'Y', 'Y', 'N', 'N'),
(102, 'Spot Prawn', 'Amaebi', 'Washington', '6.0', '12.0', 'Y', 'Y', 'N', 'Y'),
(103, 'Toro', '', 'South Pacific', '10.0', '20.0', 'N', 'Y', 'N', 'N'),
(104, 'Otoro', '', 'South Pacific', '12.0', '24.0', 'N', 'Y', 'N', 'N'),
(105, 'Dolly Varden', 'Amemasu', 'Bristol Bay', '4.0', '8.0', 'N', 'Y', 'N', 'N'),
(106, 'Red Rockfish', 'Kasago', 'Neah Bay', '4.0', '8.0', 'N', 'Y', 'N', 'N'),
(107, 'Sea Urchin', 'Uni', 'Washington', '7.0', '14.0', 'Y', 'Y', 'N', 'N'),
(108, 'Sockeye Salmon', '', 'Copper River', '8.0', '16.0', 'Y', 'Y', 'N', 'N'),
(109, 'Sockeye Salmon, belly', '', 'Copper River', '10.0', '20.0', 'Y', 'Y', 'N', 'N'),
(110, 'Otoro', '', 'Ehime, Japan', '12.0', '24.0', 'N', 'Y', 'N', 'N'),
(111, 'Toro', '', 'Ehime, Japan', '11.0', '22.0', 'N', 'Y', 'N', 'N'),
(112, 'Chutoro', '', 'South Pacific', '7.0', '14.0', 'N', 'Y', 'N', 'N'),
(113, 'Yellowtail Kingfish', 'Hiramasa', 'Australia', '5.0', '10.0', 'Y', 'Y', 'N', 'N'),
(114, 'Pike Mackerel', 'Sanma', 'Miyagi, Japan', '6.0', '12.0', 'N', 'Y', 'N', 'N'),
(115, 'Opilio Crab', 'Zuwaigani', 'Alaska', '5.0', '10.0', 'Y', 'N', 'N', 'Y'),
(116, 'Baja Snapper', '', 'Mexico', '6.0', '12.0', 'Y', 'Y', 'N', 'N'),
(117, 'Squid, Bigfin', 'Aori Ika', 'Japan', '9.0', '18.0', 'N', 'Y', 'N', 'N'),
(118, 'Squid Tentacles', 'Aori Ika Geso', 'Japan', '5.0', '10.0', 'N', 'N', 'N', 'N'),
(119, 'Naked Head Snapper', 'Meichi Dai', 'Japan', '8.0', '16.0', 'Y', 'Y', 'N', 'N'),
(120, 'Salmon Roe (King)', '', 'Washington', '6.0', '12.0', 'Y', 'Y', 'N', 'N'),
(121, 'Yellowtail (wild)', 'Buri', 'Hokkaido', '8.0', '16.0', 'N', 'Y', 'N', 'N'),
(122, 'Blue Nose Snapper', 'Medai', 'Japan', '8.0', '16.0', 'N', 'Y', 'N', 'N');

INSERT INTO `ippins` (`ippin_id`, `name`, `price`, `is_sustainable`, `is_raw`, `is_gf`, `category`, `is_special`, `is_on_menu`, `created_at`, `updated_at`) VALUES
(1, 'Mustard Greens and Washington Albacore Tuna dressed with an almond wasabi sauce*', 14, 'Y', 'Y', 'Y', 'AP', 'N', 'Y', NULL, '2022-05-21 04:05:11'),
(2, 'Kabocha, carrot and yuchoi in a creamy tofu sauce', 9, 'N', 'N', 'Y', 'AP', 'N', 'N', '2019-05-14 06:24:31', '2020-01-01 07:55:22'),
(3, 'Asparagus and Shimeji Mushrooms sautéed in miso butter', 14, 'N', 'N', 'Y', 'AP', 'N', 'N', NULL, '2019-10-02 11:15:50'),
(4, 'Organic Butter Lettuce, radishes, toasted almonds and Washington Fuji apples tossed in a sweet miso dressing', 18, 'N', 'N', 'Y', 'AP', 'N', 'Y', NULL, '2022-05-21 04:05:24'),
(5, 'String Bean salad tossed in a walnut miso dressing', 10, 'N', 'N', 'Y', 'AP', 'N', 'Y', NULL, '2022-08-11 06:17:14'),
(6, 'Hijiki seaweed nimono', 10, 'N', 'N', 'Y', 'AP', 'N', 'Y', NULL, '2022-05-21 04:05:47'),
(7, 'Chawan mushi with Jidori eggs, Snow Crab, Yu choi and Neah Bay Black Cod', 15, 'Y', 'N', 'Y', 'AP', 'N', 'Y', NULL, '2022-11-09 08:14:56'),
(8, 'Tempura assortment with wild prawns, halibut, kabocha squash, rooftop kale, shiitake mushroom, and satsuma yam', 25, 'Y', 'N', 'N', 'TM', 'N', 'N', NULL, '2022-05-21 04:06:17'),
(9, 'Assorted vegetable tempura with green beans, kabocha squash,shiitake mushroom and satsuma yam served with shiitake mushroom and konbu dashi', 21, 'N', 'N', 'N', 'TM', 'N', 'N', NULL, '2022-05-21 04:06:35'),
(10, 'Ling cod (Neah Bay, WA) Tempura served with matcha sea salt', 16, 'Y', 'N', 'N', 'TM', 'N', 'N', NULL, '2018-11-15 08:25:53'),
(11, 'Geoduck (Puget Sound, WA) tender with mustard greens and shimeji mushrooms sauteed in a sake soy butter sauce', 18, 'Y', 'N', 'N', 'FS', 'N', 'Y', NULL, '2018-10-07 06:17:38'),
(12, 'Black Cod (Neah Bay, WA) miso yuan yaki', 27, 'Y', 'N', 'Y', 'MT', 'N', 'Y', NULL, '2022-05-21 04:06:56'),
(13, 'Hamachi (Kagoshima, Japan) kama shioyaki', NULL, 'N', 'N', 'Y', 'FS', 'N', 'N', NULL, '2019-09-13 06:16:10'),
(14, 'Kanpachi (Kona, HI) kama shioyaki', NULL, 'Y', 'N', 'Y', 'FS', 'N', 'Y', NULL, '2019-08-23 06:18:53'),
(15, 'King Salmon Ora (New Zealand) kama shioyaki', NULL, 'Y', 'N', 'Y', 'FS', 'N', 'N', NULL, '2022-03-02 03:28:20'),
(16, 'Medai (Japan) kama shioyaki', NULL, 'Y', 'N', 'Y', 'FS', 'N', 'N', NULL, '2021-09-16 06:36:49'),
(17, 'Halibut (Neah Bay, WA) kama nitsuke with hari ginger and fresh gobo', NULL, 'Y', 'N', 'Y', 'FS', 'N', 'N', NULL, '2021-03-13 08:03:01'),
(18, 'Idiot fish nitsuke (Washington) with hari ginger and fresh gobo', NULL, 'Y', 'N', 'Y', 'FS', 'N', 'N', NULL, NULL),
(19, 'Madai (Ehime, Japan) aradaki with hari ginger and fresh gobo', NULL, 'N', 'N', 'Y', 'FS', 'N', 'Y', NULL, '2021-05-17 06:14:40'),
(20, 'Braised Snake River Farms wagyu beef skirt konabe with maitake mushrooms and yuchoi', 27, 'N', 'N', 'Y', 'MT', 'N', 'Y', NULL, '2022-11-09 08:15:36'),
(21, 'Snake River Farms organic pork tenderloin tonkatsu with sesame tonkatsu sauce', 23, 'N', 'N', 'N', 'MT', 'N', 'N', NULL, '2022-03-17 06:00:47'),
(22, 'Jidori Chicken karaage with sansho sea salt', 18, 'N', 'N', 'Y', 'MT', 'N', 'N', NULL, '2022-03-17 06:01:03'),
(23, 'Hiramasa/Kingfish (Baja) kama shioyaki', NULL, 'Y', 'N', 'Y', 'FS', 'N', 'N', NULL, '2021-07-25 06:11:23'),
(24, 'Shumai', 13, 'N', 'N', 'N', 'MT', 'N', 'N', NULL, NULL),
(25, 'Shishito Peppers blistered and sprinkled with sea salt', 9, 'N', 'N', 'Y', 'AP', 'N', 'Y', NULL, '2020-09-12 06:09:08'),
(26, 'Petrale sole nitsuke (Neah Bay, WA) with hari ginger and fresh gobo', NULL, 'Y', 'N', 'Y', 'FS', 'N', 'N', NULL, '2018-11-14 08:18:57'),
(27, 'Coho salmon (Alaska) kama shioyaki', NULL, 'Y', 'N', 'Y', 'FS', 'N', 'Y', NULL, '2020-10-22 06:13:55'),
(28, 'Lingcod (Neah Bay) Kama Aradaki with hari ginger and fresh gobo', NULL, 'Y', 'N', 'Y', 'FS', 'N', 'N', NULL, '2021-06-05 06:06:17'),
(29, 'Kinki (Neah Bay) fillet nitsuke with hari ginger and fresh gobo', NULL, 'Y', 'N', 'Y', 'FS', 'N', 'N', NULL, '2022-04-01 06:17:15'),
(30, 'Red king salmon (Neah Bay) kama shioyaki', NULL, 'Y', 'N', 'Y', 'FS', 'N', 'N', NULL, '2022-09-02 06:30:04'),
(31, 'Spotted parrot fish (Japan) aradaki with hari ginger and fresh gobo', 16, 'Y', 'N', 'Y', 'FS', 'N', 'N', NULL, NULL),
(32, 'Grouper (East Coast) aradaki with hari ginger and fresh gobo', 16, 'Y', 'N', 'Y', 'FS', 'N', 'N', NULL, NULL),
(33, 'Sakura smoked tofu with scallions, ginger, dark soy sauce and sizzling peanut oil', 12, 'N', 'N', 'N', 'AP', 'N', 'N', NULL, NULL),
(34, 'Duck breast sansho yaki served medium rare  with sauteed mustard greens', 21, 'N', 'Y', 'Y', 'MT', 'N', 'N', NULL, NULL),
(35, 'Dobin-mushi with Olympic Peninsula Matsutake, Neah Bay Black Cod, and Red Crab steamed with clam dashi', 24, 'Y', 'N', 'Y', 'AP', 'N', 'N', NULL, '2020-10-18 06:10:44'),
(36, 'Bering Sea octopus tempura with matcha sea salt', 12, 'Y', 'N', 'N', 'TM', 'N', 'N', NULL, NULL),
(37, 'Steamed and chilled Monkfish Liver(Ankimo) in ponzu sauce', 16, 'Y', 'N', 'Y', 'AP', 'N', 'N', NULL, '2021-10-16 05:46:31'),
(38, 'Kinmedai (New Zealand) aradaki with hari ginger and fresh gobo', NULL, 'Y', 'N', 'Y', 'FS', 'N', 'N', NULL, NULL),
(39, 'Troll King Salmon (Neah Bay) kama shioyaki', NULL, 'Y', 'N', 'Y', 'FS', 'N', 'N', NULL, '2022-09-10 05:30:47'),
(40, 'Live sea urchin (San Juan Islands, WA) Sashimi', 24, 'Y', 'Y', 'Y', 'FS', 'N', 'N', NULL, NULL),
(41, 'Golden eye snapper (Japan) aradaki with hari ginger and fresh gobo', NULL, 'Y', 'N', 'Y', 'FS', 'N', 'N', NULL, NULL),
(42, 'Red banded Rockfish (Neah Bay, WA) aradaki with hari ginger and fresh gobo', NULL, 'N', 'N', 'Y', 'FS', 'N', 'N', NULL, '2021-05-07 06:22:53'),
(43, 'Tempura with wild white prawns, purple yam, maitake mushroom and shishito pepper with matcha se salt', 20, 'Y', 'N', 'N', 'TM', 'N', 'N', NULL, NULL),
(44, 'Cabezone nitsuke with hari ginger and fresh gobo', NULL, 'Y', 'N', 'Y', 'FS', 'N', 'N', NULL, NULL),
(45, 'Cabezone (Neah Bay) tempura served with matcha sea salt', 16, 'Y', 'N', 'N', 'TM', 'N', 'N', NULL, NULL),
(46, 'Rockfish (Neah Bay, WA) steamed with fresh ginger, scallions, dark soy sauce and topped with sizzling peanut oil', 19, 'Y', 'N', 'N', 'FS', 'N', 'N', NULL, '2019-05-16 06:09:15'),
(47, 'Rock fish (Neah Bay) nitsuke with hari ginger and fresh gobo', NULL, 'Y', 'N', 'Y', 'FS', 'N', 'N', NULL, NULL),
(48, 'Nodoguro (Alaska) nitsuke with hari ginger and fresh gobo', 23, 'Y', 'N', 'Y', 'FS', 'N', 'N', NULL, '2019-03-05 08:33:40'),
(49, 'Sockeye salmon (Alaska) kama shioyaki', NULL, 'Y', 'N', 'Y', 'FS', 'N', 'N', NULL, '2021-07-28 06:15:06'),
(50, 'Halibut (Neah Bay, WA) tempura served with matcha sea salt', 26, 'Y', 'N', 'N', 'TM', 'N', 'N', NULL, '2022-05-21 04:06:45'),
(51, 'Kinki (Neah Bay) Aradaki with hari ginger and fresh gobo', NULL, 'Y', 'N', 'Y', 'FS', 'N', 'N', NULL, '2022-04-07 06:22:12'),
(52, 'Spring King salmon (Washington) kama shioyaki', NULL, 'Y', 'N', 'Y', 'FS', 'N', 'N', NULL, NULL),
(53, 'Pan seared Copper River smelt served with ponzu dipping sauce', 14, 'Y', 'N', 'N', 'FS', 'N', 'N', NULL, NULL),
(54, 'Black rockfish (Neah Bay) nitsuke with hari ginger and fresh gobo', NULL, 'Y', 'N', 'Y', 'FS', 'N', 'N', NULL, NULL),
(55, 'Rooftop nasu eggplant misoni', 7, 'N', 'N', 'Y', 'AP', 'N', 'N', NULL, NULL),
(56, 'Copper River sockeye salmon kama shioyaki', NULL, 'Y', 'N', 'Y', 'FS', 'N', 'N', NULL, '2021-06-04 06:09:02'),
(57, 'Red rockfish (Neah Bay, WA) nitsuke with hari ginger and fresh gobo', NULL, 'Y', 'N', 'Y', 'FS', 'N', 'N', NULL, NULL),
(58, 'Chawan mushi with Jidori eggs, snow crab and Neah Bay black cod', 12, 'Y', 'N', 'Y', 'AP', 'N', 'N', '2018-10-15 06:25:10', '2021-09-22 06:14:15'),
(59, 'Black Seabass (Neah Bay) kama nitsuke with hari ginger and fresh gobo', 15, 'Y', 'N', 'Y', 'FS', 'N', 'N', '2018-10-21 06:26:12', '2018-10-22 06:29:08'),
(60, 'Petrale sole (Neah Bay, WA) steamed with fresh ginger, scallions, Thai soy sauce and topped with sizzling peanut oil', NULL, 'Y', 'N', 'N', 'FS', 'N', 'N', '2018-11-16 08:32:23', '2018-11-16 09:07:56'),
(61, 'Kinmedai (Japan) aradaki with hari ginger and fresh gobo', NULL, 'N', 'N', 'Y', 'FS', 'N', 'N', '2018-12-29 08:32:02', '2018-12-29 08:32:02'),
(62, 'Nova Scotia Lobster sashimi with sake butter sauce', 70, 'Y', 'Y', 'Y', 'FS', 'N', 'N', '2019-02-18 08:42:02', '2020-02-17 08:16:39'),
(63, 'Shigoku oysters (Oakland Bay, WA) on the half shell with momiji ponzu*', 25, 'Y', 'Y', 'Y', 'AP', 'N', 'Y', '2019-04-03 06:28:06', '2022-08-14 06:32:30'),
(64, 'Kusshi Oysters (British Columbia) on the half shell with momiji ponzu*', 25, 'Y', 'Y', 'Y', 'AP', 'N', 'N', NULL, '2022-08-04 06:18:27'),
(65, 'Halibut (Neah Bay) filet nitsuke', NULL, 'Y', 'Y', 'Y', 'AP', 'N', 'N', '2019-07-21 06:38:52', '2019-07-21 06:38:52'),
(66, 'Kanpachi (Japan) kama shioyaki', 18, 'Y', 'Y', 'Y', 'AP', 'N', 'N', '2019-07-21 06:39:27', '2019-07-21 06:39:27'),
(67, 'Ocean perch (Neah Bay, WA) aradaki with hari ginger and fresh gobo', 23, 'Y', 'N', 'Y', 'FS', 'N', 'N', '2019-09-28 06:20:04', '2020-10-07 06:08:21'),
(68, 'Buri(Fall Yellowtail/Hokkaido) kama shioyaki', NULL, 'N', 'Y', 'Y', 'AP', 'N', 'N', '2019-10-17 06:13:14', '2019-10-23 06:13:50'),
(69, 'Medai (Japan) kama shioyaki', 23, 'N', 'N', 'Y', 'FS', 'N', 'N', '2019-11-15 08:13:47', '2020-10-09 06:22:58'),
(70, 'Hairy Crab / Kegani (Hokkaido, Japan) served with sake butter sauce and sanbaizu', 160, 'N', 'N', 'N', 'FS', 'N', 'N', '2019-12-12 08:17:53', '2020-02-13 10:23:39'),
(71, 'Bairdi Crab / Matsubagani (Fukui, Japan)  served with sake butter sauce and sanbaizu', 180, 'N', 'N', 'N', 'FS', 'N', 'N', '2019-12-14 08:06:00', '2019-12-16 08:23:26'),
(72, 'Coho Salmon (Washington) kama shioyaki', NULL, 'Y', 'Y', 'Y', 'FS', 'N', 'N', '2020-02-19 08:30:45', '2020-09-11 06:12:10'),
(73, 'White King Salmon (Alaska) kama shioyaki', NULL, 'Y', 'Y', 'Y', 'FS', 'N', 'N', '2020-02-19 08:31:50', '2022-10-14 06:22:30'),
(74, 'Suzuki kama shioyaki', NULL, 'Y', 'Y', 'Y', 'AP', 'N', 'N', '2020-07-19 06:20:28', '2020-07-19 06:20:28'),
(75, 'White King Salmon (Neah Bay) kama shioyaki', NULL, 'Y', 'N', 'Y', 'FS', 'N', 'N', '2021-04-15 06:18:03', '2022-11-17 08:05:32'),
(76, 'Madai (New Zealand) aradaki nitsuke with hari ginger and fresh gobo', NULL, 'N', 'N', 'Y', 'FS', 'N', 'N', '2021-04-15 06:21:51', '2022-12-04 08:10:32'),
(77, 'Columbia Springer King Salmon Kama Shioyaki', NULL, 'Y', 'Y', 'Y', 'TM', 'N', 'N', '2021-05-21 06:14:25', '2021-05-21 06:15:12'),
(78, 'Ora King Salmon (New Zealand) kama shioyaki', NULL, 'Y', 'Y', 'Y', 'FS', 'N', 'Y', '2021-05-28 05:33:50', '2021-05-28 05:33:50'),
(79, 'Ling Cod (Neah Bay) kama nitsuke with hari ginger and fresh gobo', NULL, 'Y', 'N', 'N', 'FS', 'N', 'N', '2021-06-02 06:23:14', '2022-04-27 06:16:42'),
(80, 'Kinki (Neah Bay) kama nitsuke with hari ginger and fresh gobo', NULL, 'Y', 'Y', 'Y', 'FS', 'N', 'N', '2021-06-09 06:26:38', '2021-06-22 06:07:01'),
(81, 'Jumbo King Salmon (Washington) Kama Shioyaki', NULL, 'Y', 'N', 'Y', 'FS', 'N', 'N', '2021-07-09 06:27:20', '2021-07-09 06:27:20'),
(82, 'Yellow Eyed Rockfish (Neah Bay) Aradaki Nitsuke with hari ginger and fresh gobo', NULL, 'Y', 'N', 'Y', 'FS', 'N', 'N', '2021-09-18 06:16:58', '2022-06-03 06:09:08'),
(83, 'Shigoku Oysters (Totten Inlet, WA) on the half shell with momiji ponzu*', 25, 'Y', 'Y', 'Y', 'AP', 'N', 'N', '2021-10-02 06:09:34', '2022-11-18 08:13:33'),
(84, 'Mahata aradaki with hari ginger and fresh gobo', NULL, 'Y', 'Y', 'Y', 'FS', 'N', 'N', '2021-11-24 08:25:49', '2021-11-24 08:27:07'),
(85, 'Kumamoto oysters on the half shell with momiji ponzu*', 25, 'Y', 'Y', 'Y', 'AP', 'N', 'N', '2021-12-04 08:01:41', '2022-09-18 06:00:02'),
(86, 'Winter Troll King Kama Shioyaki (Alaska)', NULL, 'Y', 'N', 'Y', 'FS', 'N', 'N', '2022-02-17 08:10:45', '2022-10-28 06:14:55'),
(87, 'Petite Oysters on the half shell with momiji ponzu*', 25, 'Y', 'Y', 'Y', 'AP', 'N', 'N', '2022-02-18 07:57:38', '2022-09-18 06:00:20'),
(88, 'Patagonia Troll King Salmon(Chile) kama shioyaki', NULL, 'Y', 'N', 'Y', 'FS', 'N', 'N', '2022-02-23 07:49:15', '2022-02-23 07:52:00'),
(89, 'King Salmon (Alaska) kama shioyaki', NULL, 'Y', 'Y', 'Y', 'FS', 'N', 'Y', '2022-03-04 08:15:25', '2022-08-31 06:04:20'),
(90, 'Rougheye Rockfish (Neah Bay) Kama Nitsuke with hari ginger and fresh gobo', NULL, 'Y', 'N', 'Y', 'FS', 'N', 'N', '2022-03-13 08:32:42', '2022-03-17 05:47:52'),
(91, 'Marble King Salmon (Neah Bay, WA) Kama shioyaki', NULL, 'Y', 'Y', 'Y', 'FS', 'N', 'N', '2022-08-10 06:32:21', '2022-08-10 06:32:21');

INSERT INTO `users` (`id`, `name`, `email`, `password`, `remember_token`, `created_at`, `updated_at`) VALUES
(1, 'admin', 'steve@sushikappotamura.com', '$2y$10$2W/0OBWmeaO7TDm001ROIO32YhvWpwjcVWdeQ2OzdCT7I8L6noTVi', 'D42bDAOSQuYUyJaxjk6RuhmoF1SJ8qyJAdVjA9yOSafKLZb9pCDxNbHsFTcH', Null, Null);


INSERT INTO `wines` (`wine_id`, `type`, `year`, `created_at`, `updated_at`, `product_id`) VALUES
(1, 'Chardonnay', NULL, NULL, '2019-06-23 10:38:47', 40),
(5, 'Grenache / Cinsault', '2019', NULL, '2021-06-27 05:46:38', 44),
(6, 'Cabernet Sauvignon', '2020', NULL, '2022-03-22 07:04:40', 45),
(9, 'Les Folies de la Marquetterie', NULL, NULL, '2022-10-20 10:39:31', 48),
(12, 'Chardonnay', '2018', NULL, '2021-06-27 06:03:06', 51),
(13, 'Chardonnay', '2018', NULL, '2021-06-27 06:14:38', 52),
(14, 'Sauvignon Blanc', '2019', NULL, '2022-03-22 07:09:12', 53),
(15, 'Grenache / Cinsault', '2019', NULL, '2021-06-27 06:30:16', 54),
(18, 'Cabernet Sauvignon', '2015', NULL, '2021-06-27 06:34:37', 57),
(21, 'Gamay Noir', '2019', NULL, '2022-03-22 06:45:55', 60),
(54, 'Brut Rosé', NULL, '2019-02-13 15:38:54', '2022-10-20 10:39:13', 201),
(57, 'Pinot Noir', '2019', '2019-08-15 10:12:51', '2021-07-03 04:48:55', 303),
(62, 'Pinot Noir', NULL, '2021-08-11 05:35:23', '2021-08-11 05:35:23', 412),
(63, 'Albarino', '2017', '2022-03-22 07:14:14', '2022-03-22 07:14:14', 441),
(64, 'Pinot Gris', '2021', '2022-06-04 05:35:55', '2022-06-04 05:35:55', 445),
(66, 'Pinot Noir', '2020', '2022-10-20 10:22:21', '2022-10-20 10:22:21', 484),
(67, 'Chardonnay', '2021', '2022-10-20 10:30:45', '2022-10-20 10:30:45', 485),
(71, 'Sauvignon Blanc', '2018', '2022-11-17 05:28:28', '2022-11-17 05:29:33', 489),
(72, 'Pinot Gris', '2021', '2022-11-17 05:30:16', '2022-11-17 05:30:16', 490),
(74, 'Chardonnay', '2020', '2022-11-17 05:31:06', '2022-11-20 07:40:54', 492),
(75, 'Chenin Blanc', '2021', '2022-11-17 05:48:54', '2022-11-17 05:48:54', 493);

INSERT INTO `bottles` (`bottle_id`, `size`, `second_price`, `sake_id`, `wine_id`, `created_at`, `updated_at`) VALUES
(2, '300', NULL, 14, NULL, NULL, NULL),
(5, '300', NULL, 17, NULL, NULL, NULL),
(41, '500', NULL, 133, NULL, '2019-09-14 12:08:05', '2019-09-14 12:27:19'),
(42, '300', NULL, 167, NULL, '2021-06-26 05:44:56', '2021-06-26 05:44:56'),
(43, '900', NULL, 170, NULL, '2021-06-26 05:45:48', '2021-06-26 05:45:48'),
(45, '375', NULL, NULL, 67, '2022-10-20 10:30:45', '2022-10-20 10:31:22');